{
    "epochs": [
        1020,
        1040,
        1060,
        1080,
        1100,
        1120,
        1140,
        1160,
        1180,
        1200,
        1220,
        1240,
        1260,
        1280,
        1300,
        1320,
        1340,
        1360,
        1380,
        1400,
        1420,
        1440,
        1460,
        1480,
        1500,
        1520,
        1540,
        1560,
        1580,
        1600,
        1620,
        1640,
        1660,
        1680,
        1700,
        1720,
        1740,
        1760,
        1780,
        1800,
        1820,
        1840,
        1860,
        1880,
        1900,
        1920,
        1940,
        1960,
        1980
    ],
    "losess": [
        0.08529512993335724,
        0.08363324788570405,
        0.08319470513582229,
        0.0833255944609642,
        0.08353292197465896,
        0.08225665063619614,
        0.08158901321172714,
        0.08084120273590088,
        0.08043400163650513,
        0.08055403620481491,
        0.08042167245149612,
        0.08034724207878113,
        0.08016764446020126,
        0.07968745357751847,
        0.07915262434005738,
        0.07898450952768325,
        0.07938275609731674,
        0.07890669990658761,
        0.07867032574176788,
        0.07887789887189865,
        0.07850852332115173,
        0.07866645261049271,
        0.0783993085026741,
        0.07851735571622849,
        0.07845099011659622,
        0.07808712244749069,
        0.07818196020364761,
        0.0782392881989479,
        0.07838903149843215,
        0.0782003323149681,
        0.07810458379030227,
        0.07810347811937332,
        0.07810589125990867,
        0.07805309317350388,
        0.07807725393056869,
        0.07803224149227142,
        0.07812845420122147,
        0.07809033853530883,
        0.07806203807115555,
        0.07807426109075546,
        0.07807105361223221,
        0.07806728036403655,
        0.07804759747266769,
        0.07805727082967759,
        0.07806991810798646,
        0.07805839088916779,
        0.07806128334283828,
        0.07806139561891556,
        0.07806081617832183
    ],
    "best_val": 0.07676490952242111,
    "best_test": 0.07806203807115555,
    "best_epoch": 1780
}