{
    "epochs": [
        1020,
        1040,
        1060,
        1080,
        1100,
        1120,
        1140,
        1160,
        1180,
        1200,
        1220,
        1240,
        1260,
        1280,
        1300,
        1320,
        1340,
        1360,
        1380,
        1400,
        1420,
        1440,
        1460,
        1480,
        1500,
        1520,
        1540,
        1560,
        1580,
        1600,
        1620,
        1640,
        1660,
        1680,
        1700,
        1720,
        1740,
        1760,
        1780,
        1800,
        1820,
        1840,
        1860,
        1880,
        1900,
        1920,
        1940,
        1960,
        1980
    ],
    "losess": [
        0.10886678509235383,
        0.10219696866035462,
        0.1039604775261879,
        0.10571553188562394,
        0.1019433067727089,
        0.10218042732715607,
        0.10093438113927841,
        0.10107008785009385,
        0.10040307270050049,
        0.10014737071752548,
        0.10034229236602783,
        0.10019862270116806,
        0.10019783954620361,
        0.10047489200353622,
        0.09929906039953232,
        0.09988106647253037,
        0.09906120705366135,
        0.09971252277851105,
        0.09927500706195831,
        0.09877513309717179,
        0.09999473999023438,
        0.09873039386510848,
        0.0985614050579071,
        0.09837902752399444,
        0.09865992160797118,
        0.09838694363117217,
        0.0979553259730339,
        0.0987836198091507,
        0.09812699184417725,
        0.09815164829492569,
        0.0979072675704956,
        0.09820519451141357,
        0.09796446797132492,
        0.09784428302764893,
        0.09794201202392579,
        0.0980304957985878,
        0.0979836799287796,
        0.09790691928863525,
        0.09785343196630478,
        0.09791209491491318,
        0.09791785503149032,
        0.09790398705005646,
        0.09788217590332031,
        0.09787357312202453,
        0.09788676425933839,
        0.0978913653230667,
        0.09788518253326416,
        0.09788385647773742,
        0.09788362796783447
    ],
    "best_val": 0.0949265796163073,
    "best_test": 0.09785343196630478,
    "best_epoch": 1780
}