{
    "epochs": [
        1020,
        1040,
        1060,
        1080,
        1100,
        1120,
        1140,
        1160,
        1180,
        1200,
        1220,
        1240,
        1260,
        1280,
        1300,
        1320,
        1340,
        1360,
        1380,
        1400,
        1420,
        1440,
        1460,
        1480,
        1500,
        1520,
        1540,
        1560,
        1580,
        1600,
        1620,
        1640,
        1660,
        1680,
        1700,
        1720,
        1740,
        1760,
        1780,
        1800,
        1820,
        1840,
        1860,
        1880,
        1900,
        1920,
        1940,
        1960,
        1980
    ],
    "losess": [
        0.04675095343947411,
        0.047539129518270495,
        0.04656894629836082,
        0.04634694278597832,
        0.046187268311977385,
        0.04642911438941955,
        0.04626236829161644,
        0.0459189499938488,
        0.04585222069978714,
        0.04637140743136406,
        0.04590079480528832,
        0.045736479159593585,
        0.046050143214464184,
        0.04571988073825836,
        0.04536401896834374,
        0.04559507482409477,
        0.0456847575366497,
        0.04555354135751724,
        0.04534624574422836,
        0.04528044453501701,
        0.04543837837338448,
        0.04539538178503513,
        0.04513024097800255,
        0.04522672941088676,
        0.04530858173727989,
        0.04510257538795471,
        0.045290253404378894,
        0.045165841839313506,
        0.045187159579992295,
        0.045037120364904405,
        0.04512835148692131,
        0.04509140857100487,
        0.04507720235347748,
        0.045073580569028854,
        0.04506560406446457,
        0.04509217096686363,
        0.04505815239787102,
        0.04501926734805107,
        0.04504767436861992,
        0.04505005314707756,
        0.0450435847055912,
        0.045050399619340896,
        0.04504201075434685,
        0.04504400315523147,
        0.04504851148724556,
        0.04504351941347122,
        0.045047757695913314,
        0.045046064184904096,
        0.045046514786481855
    ],
    "best_val": 0.0445566985110509,
    "best_test": 0.04501926734805107,
    "best_epoch": 1760
}